movie_odid,display_name,billing,person_odid,person,character,type
139970100,La siciliana ribelle,100,34800401,Veronica D'Agostino,Rita,Leading
139970100,La siciliana ribelle,100,171820401,Gerard Jugnot,Judge,Supporting
139970100,La siciliana ribelle,100,171830401,Marcello Mazzarella,Don Michele,Supporting
139970100,La siciliana ribelle,100,171840401,Mario Pupella,Don Salvo,Supporting
139970100,La siciliana ribelle,100,171860401,Miriana Faja,Young Rita,Supporting
139970100,La siciliana ribelle,100,171870401,Lucio Sardo,Don Michele's Wife,Supporting
139970100,La siciliana ribelle,100,171890401,Paolo Briguglia,Bruni,Supporting
139970100,La siciliana ribelle,100,25360401,Francesco Casisa,Vito,Supporting
139970100,La siciliana ribelle,100,171900401,Carmelo Galati,Rita's Brother,Supporting
139980100,"The Twilight Saga: Breaking Dawn, Part 1",1,137280401,Kristen Stewart,Bella Swan,Leading
139980100,"The Twilight Saga: Breaking Dawn, Part 1",2,111800401,Robert Pattinson,Edward Cullen,Leading
139980100,"The Twilight Saga: Breaking Dawn, Part 1",3,82690401,Taylor Lautner,Jacob Black,Leading
139980100,"The Twilight Saga: Breaking Dawn, Part 1",4,21220401,Billy Burke,Charlie Swan,Supporting
139980100,"The Twilight Saga: Breaking Dawn, Part 1",5,45980401,Peter Facinelli,Dr. Carlisle Cullen,Supporting
139980100,"The Twilight Saga: Breaking Dawn, Part 1",6,119260401,Elizabeth Reaser,Esme Cullen,Supporting
139980100,"The Twilight Saga: Breaking Dawn, Part 1",7,88750401,Kellan Lutz,Emmett Cullen,Supporting
139980100,"The Twilight Saga: Breaking Dawn, Part 1",8,119550401,Nikki Reed,Rosalie Hale,Supporting
139980100,"The Twilight Saga: Breaking Dawn, Part 1",9,118760401,Jackson Rathbone,Jasper Hale,Supporting
139980100,"The Twilight Saga: Breaking Dawn, Part 1",10,57910401,Ashley Greene,Alice Cullen,Supporting
139980100,"The Twilight Saga: Breaking Dawn, Part 1",11,131010401,Michael Sheen,Aro,Supporting
139980100,"The Twilight Saga: Breaking Dawn, Part 1",12,76630401,Anna Kendrick,Jessica,Supporting
139980100,"The Twilight Saga: Breaking Dawn, Part 1",13,29110401,Sarah Clarke,Renee,Supporting
139980100,"The Twilight Saga: Breaking Dawn, Part 1",14,23030401,Christian Camargo,Eleazar Denali,Supporting
139980100,"The Twilight Saga: Breaking Dawn, Part 1",15,14790401,Gil Birmingham,Billy,Supporting
139980100,"The Twilight Saga: Breaking Dawn, Part 1",16,168160401,Booboo Stewart,Seth,Supporting
139980100,"The Twilight Saga: Breaking Dawn, Part 1",17,90170401,Mia Maestro,Carmen Denali,Supporting
139980100,"The Twilight Saga: Breaking Dawn, Part 1",18,173790401,Casey Labow,Kate Denali,Supporting
139980100,"The Twilight Saga: Breaking Dawn, Part 1",19,57110401,Maggie Grace,Irina Denali,Supporting
139980100,"The Twilight Saga: Breaking Dawn, Part 1",20,21180401,MyAnna Buring,Tanya Denali,Supporting
139980100,"The Twilight Saga: Breaking Dawn, Part 1",21,108830401,Ty Olsson,Phil,Supporting
139980100,"The Twilight Saga: Breaking Dawn, Part 1",22,289210401,Christian Sloan,Unsavory Person,Supporting
139980100,"The Twilight Saga: Breaking Dawn, Part 1",23,257660401,James Pizzinato,Unsavory Person,Supporting
139980100,"The Twilight Saga: Breaking Dawn, Part 1",24,289220401,Ian Harmon,Unsavory Person,Supporting
139980100,"The Twilight Saga: Breaking Dawn, Part 1",25,289230401,Gabriel Carter,Unsavory Person,Supporting
139980100,"The Twilight Saga: Breaking Dawn, Part 1",26,129960401,Christian Serratos,Angela,Supporting
139980100,"The Twilight Saga: Breaking Dawn, Part 1",27,28090401,Justin Chon,Eric,Supporting
139980100,"The Twilight Saga: Breaking Dawn, Part 1",28,150520401,Michael Welch,Mike,Supporting
139980100,"The Twilight Saga: Breaking Dawn, Part 1",29,65300401,Christopher Heyerdahl,Marcus,Supporting
139980100,"The Twilight Saga: Breaking Dawn, Part 1",30,17590401,Jamie Campbell Bower,Caius,Supporting
139980100,"The Twilight Saga: Breaking Dawn, Part 1",31,289240401,Angelo Renai,Minister Webber,Supporting
139980100,"The Twilight Saga: Breaking Dawn, Part 1",32,168150401,Alex Rice,Sue Clearwater,Supporting
139980100,"The Twilight Saga: Breaking Dawn, Part 1",33,289250401,Paul Becker,Dancer,Supporting
139980100,"The Twilight Saga: Breaking Dawn, Part 1",34,289260401,Stephanie Moseley,Dancer,Supporting
139980100,"The Twilight Saga: Breaking Dawn, Part 1",35,56520401,Kiowa Gordon,Embry,Supporting
139980100,"The Twilight Saga: Breaking Dawn, Part 1",36,67880401,Tyson Houseman,Quil,Supporting
139980100,"The Twilight Saga: Breaking Dawn, Part 1",37,135330401,Chaske Spencer,Sam Uley,Supporting
139980100,"The Twilight Saga: Breaking Dawn, Part 1",38,112540401,Bronson Pelletier,Jared,Supporting
139980100,"The Twilight Saga: Breaking Dawn, Part 1",39,98060401,Alex Meraz,Paul,Supporting
139980100,"The Twilight Saga: Breaking Dawn, Part 1",40,167760401,Julia Jones,Leah,Supporting
139980100,"The Twilight Saga: Breaking Dawn, Part 1",41,79480401,Tinsel Korey,Emily,Supporting
139980100,"The Twilight Saga: Breaking Dawn, Part 1",42,289270401,Tanaya Beatty,Rachel,Supporting
139980100,"The Twilight Saga: Breaking Dawn, Part 1",43,289280401,Sienna Joseph,Claire,Supporting
139980100,"The Twilight Saga: Breaking Dawn, Part 1",44,289290401,Carolina Virguez,Kaure,Supporting
139980100,"The Twilight Saga: Breaking Dawn, Part 1",45,289300401,Sebastiao Lemos,Gustavo,Supporting
139980100,"The Twilight Saga: Breaking Dawn, Part 1",46,289310401,Kimani Ray Smith,Near-Miss Husband,Supporting
139980100,"The Twilight Saga: Breaking Dawn, Part 1",47,289320401,Tora Hylands,Near-Miss Wife,Supporting
139980100,"The Twilight Saga: Breaking Dawn, Part 1",48,289330401,Mackenzie Foy,Renesmee,Supporting
139980100,"The Twilight Saga: Breaking Dawn, Part 1",49,289340401,Ali Faulkner,Bianca,Supporting
139980100,"The Twilight Saga: Breaking Dawn, Part 1",50,14200401,Charlie Bewley,Demetri,Supporting
139980100,"The Twilight Saga: Breaking Dawn, Part 1",51,34070401,Daniel Cudmore,Felix,Supporting
139990100,"The Twilight Saga: Breaking Dawn, Part 2",1,137280401,Kristen Stewart,Bella Swan,Leading
139990100,"The Twilight Saga: Breaking Dawn, Part 2",2,111800401,Robert Pattinson,Edward Cullen,Leading
139990100,"The Twilight Saga: Breaking Dawn, Part 2",3,82690401,Taylor Lautner,Jacob Black,Leading
139990100,"The Twilight Saga: Breaking Dawn, Part 2",4,45980401,Peter Facinelli,Dr. Carlisie Cullen,Supporting
139990100,"The Twilight Saga: Breaking Dawn, Part 2",5,119260401,Elizabeth Reaser,Esme Cullen,Supporting
139990100,"The Twilight Saga: Breaking Dawn, Part 2",6,57910401,Ashley Greene,Alice Cullen,Supporting
139990100,"The Twilight Saga: Breaking Dawn, Part 2",7,118760401,Jackson Rathbone,Jasper Hale,Supporting
139990100,"The Twilight Saga: Breaking Dawn, Part 2",8,88750401,Kellan Lutz,Emmett Cullen,Supporting
139990100,"The Twilight Saga: Breaking Dawn, Part 2",9,119550401,Nikki Reed,Rosalie Hale,Supporting
139990100,"The Twilight Saga: Breaking Dawn, Part 2",10,21220401,Billy Burke,Charlie Swan,Supporting
139990100,"The Twilight Saga: Breaking Dawn, Part 2",11,135330401,Chaske Spencer,Sam Uley,Supporting
139990100,"The Twilight Saga: Breaking Dawn, Part 2",12,289330401,Mackenzie Foy,Renesmee,Supporting
139990100,"The Twilight Saga: Breaking Dawn, Part 2",13,57110401,Maggie Grace,Irina,Supporting
139990100,"The Twilight Saga: Breaking Dawn, Part 2",14,17590401,Jamie Campbell Bower,Caius,Supporting
139990100,"The Twilight Saga: Breaking Dawn, Part 2",15,65300401,Christopher Heyerdahl,Marcus,Supporting
139990100,"The Twilight Saga: Breaking Dawn, Part 2",16,131010401,Michael Sheen,Aro,Supporting
139990100,"The Twilight Saga: Breaking Dawn, Part 2",17,168750401,Lateef Crowder,Santiago,Supporting
139990100,"The Twilight Saga: Breaking Dawn, Part 2",18,34070401,Daniel Cudmore,Felix,Supporting
139990100,"The Twilight Saga: Breaking Dawn, Part 2",19,14200401,Charlie Bewley,Demetri,Supporting
139990100,"The Twilight Saga: Breaking Dawn, Part 2",20,436030401,Billy Wagenseller,Vasilii,Supporting
139990100,"The Twilight Saga: Breaking Dawn, Part 2",21,46320401,Dakota Fanning,Jane,Supporting
139990100,"The Twilight Saga: Breaking Dawn, Part 2",22,19080401,Cameron Bright,Alec,Supporting
139990100,"The Twilight Saga: Breaking Dawn, Part 2",23,116080401,Andrea Powell,Sasha,Supporting
139990100,"The Twilight Saga: Breaking Dawn, Part 2",24,21180401,MyAnna Buring,Tanya,Supporting
139990100,"The Twilight Saga: Breaking Dawn, Part 2",25,173790401,Casey Labow,Kate,Supporting
139990100,"The Twilight Saga: Breaking Dawn, Part 2",26,90170401,Mia Maestro,Carmen,Supporting
139990100,"The Twilight Saga: Breaking Dawn, Part 2",27,23030401,Christian Camargo,Eleazar,Supporting
139990100,"The Twilight Saga: Breaking Dawn, Part 2",28,98490401,Omar Metwally,Amun,Supporting
139990100,"The Twilight Saga: Breaking Dawn, Part 2",29,436040401,Andrea Gabriel,Kebi,Supporting
139990100,"The Twilight Saga: Breaking Dawn, Part 2",30,265740401,Angela Sarafyan,Tia,Supporting
139990100,"The Twilight Saga: Breaking Dawn, Part 2",31,90840401,Rami Malek,Benjamin,Supporting
139990100,"The Twilight Saga: Breaking Dawn, Part 2",32,64010401,Tracey Heggins,Senna,Supporting
139990100,"The Twilight Saga: Breaking Dawn, Part 2",33,436050401,Judi Shekoni,Zafrina,Supporting
139990100,"The Twilight Saga: Breaking Dawn, Part 2",34,436060401,John Edward Lee,English Punk,Supporting
139990100,"The Twilight Saga: Breaking Dawn, Part 2",35,109780401,Lee Pace,Garrett,Supporting
139990100,"The Twilight Saga: Breaking Dawn, Part 2",36,18700401,Patrick Brennan,Liam,Supporting
139990100,"The Twilight Saga: Breaking Dawn, Part 2",37,436070401,Lisa Howard,Siobhan,Supporting
139990100,"The Twilight Saga: Breaking Dawn, Part 2",38,436080401,Marlane Barnes,Maggie,Supporting
139990100,"The Twilight Saga: Breaking Dawn, Part 2",39,419050401,Bill Tangradi,Randall,Supporting
139990100,"The Twilight Saga: Breaking Dawn, Part 2",40,436090401,Toni Trucks,Mary,Supporting
139990100,"The Twilight Saga: Breaking Dawn, Part 2",41,436100401,Eric Odom,Peter,Supporting
139990100,"The Twilight Saga: Breaking Dawn, Part 2",42,436110401,Valorie Curry,Charlotte,Supporting
139990100,"The Twilight Saga: Breaking Dawn, Part 2",43,4790401,Joe Anderson,Alistair,Supporting
139990100,"The Twilight Saga: Breaking Dawn, Part 2",44,436120401,Pacey Gillespie,Young Quileute,Supporting
139990100,"The Twilight Saga: Breaking Dawn, Part 2",45,436130401,Brayden Jimmie,Young Quileute,Supporting
139990100,"The Twilight Saga: Breaking Dawn, Part 2",46,436140401,Gabrial Swo Wo,Young Quileute,Supporting
139990100,"The Twilight Saga: Breaking Dawn, Part 2",47,436150401,Guri Weinberg,Stefan,Supporting
139990100,"The Twilight Saga: Breaking Dawn, Part 2",48,48520401,Noel Fisher,Vladimir,Supporting
139990100,"The Twilight Saga: Breaking Dawn, Part 2",49,436160401,Amdouly,Henri,Supporting
139990100,"The Twilight Saga: Breaking Dawn, Part 2",50,436170401,Janelle Froehlich,Yvette,Supporting
139990100,"The Twilight Saga: Breaking Dawn, Part 2",51,436180401,Masami Kosaka,Toshiro,Supporting
139990100,"The Twilight Saga: Breaking Dawn, Part 2",52,168150401,Alex Rice,Sue Clearwater,Supporting
139990100,"The Twilight Saga: Breaking Dawn, Part 2",53,163420401,Tony Bentley,Maitre D',Supporting
139990100,"The Twilight Saga: Breaking Dawn, Part 2",54,163740401,Wendell Pierce,J. Jenks,Supporting
139990100,"The Twilight Saga: Breaking Dawn, Part 2",55,167760401,Julia Jones,Leah,Supporting
139990100,"The Twilight Saga: Breaking Dawn, Part 2",56,168160401,Booboo Stewart,Seth,Supporting
139990100,"The Twilight Saga: Breaking Dawn, Part 2",57,110720401,J.D. Pardo,Nahuel,Supporting
139990100,"The Twilight Saga: Breaking Dawn, Part 2",58,436190401,Marisa Quinn,Huilen,Supporting
139990100,"The Twilight Saga: Breaking Dawn, Part 2",59,403680401,Christie Burke,Renesmee (Young Woman),Supporting
139990100,"The Twilight Saga: Breaking Dawn, Part 2",60,289240401,Angelo Renai,Minister Weber,Supporting
139990100,"The Twilight Saga: Breaking Dawn, Part 2",61,436200401,Abigail Cornell,Renesmee (4 Years),Supporting
139990100,"The Twilight Saga: Breaking Dawn, Part 2",62,436210401,Isabella Ianuzzi,Renesmee (4 Years),Supporting
139990100,"The Twilight Saga: Breaking Dawn, Part 2",63,436220401,Milli Wilkinson,Renesmee (4 Years),Supporting
139990100,"The Twilight Saga: Breaking Dawn, Part 2",64,436230401,Eliza Faria,Renesmee (4 Years),Supporting
139990100,"The Twilight Saga: Breaking Dawn, Part 2",65,436240401,Tate Clemons,Renesmee (5 years),Supporting
139990100,"The Twilight Saga: Breaking Dawn, Part 2",66,436250401,Taylor Diane Robinson,Renesmee (5 years),Supporting
139990100,"The Twilight Saga: Breaking Dawn, Part 2",67,436260401,Kailyn Stratton,Renesmee (5 years),Supporting
139990100,"The Twilight Saga: Breaking Dawn, Part 2",68,436270401,Rachel St. Gelais,Renesmee (5 years),Supporting
139990100,"The Twilight Saga: Breaking Dawn, Part 2",69,436280401,Blythe Barrington-Hughes,Renesmee (7 years),Supporting
140020100,Helena From the Wedding,1,40570401,Dagmara Dominczyk,Eve,Lead Ensemble Member
140020100,Helena From the Wedding,2,194870401,Paul Fitzgerald,Nick,Lead Ensemble Member
140020100,Helena From the Wedding,3,194880401,Dominic Fumusa,Don,Lead Ensemble Member
140020100,Helena From the Wedding,4,63830401,Jessica Hecht,Lynn,Lead Ensemble Member
140020100,Helena From the Wedding,5,70940401,Gillian Jacobs,Helena,Lead Ensemble Member
140020100,Helena From the Wedding,6,89100401,Melanie Lynskey,Alice,Lead Ensemble Member
140020100,Helena From the Wedding,7,137680401,Corey Stoll,Steven,Lead Ensemble Member
140020100,Helena From the Wedding,8,140990401,Lee Tergesen,Alex,Lead Ensemble Member
140030100,Monsters,1,192020401,Scoot McNairy,Kaulder,Leading
140030100,Monsters,2,192030401,Whitney Able,Sam,Leading
140040100,Catfish,0,173560401,Yaniv Schulman,Himself,Supporting
140040100,Catfish,0,173570401,Ariel Schulman,Himself,Supporting
140040100,Catfish,0,173580401,Henry Joost,Himself,Supporting
140040100,Catfish,0,173590401,Angela Pierce,Herself,Supporting
140040100,Catfish,0,173600401,Vince Pierce,Himself,Supporting
140040100,Catfish,0,173610401,Abby Pierce,Herself,Supporting
140050100,Red,1,830401,Bruce Willis,Frank Moses ,Lead Ensemble Member
140050100,Red,2,610401,Morgan Freeman,"Matheson, Joe",Lead Ensemble Member
140050100,Red,3,90980401,John Malkovich,"Boggs, Marvin",Lead Ensemble Member
140050100,Red,4,100010401,Helen Mirren,Victoria,Lead Ensemble Member
140050100,Red,100,1360401,Mary-Louise Parker,Sarah Ross,Supporting
140050100,Red,100,145090401,Karl Urban,William Cooper,Supporting
140050100,Red,100,96760401,Julian McMahon,Vice President Robert Stanton,Supporting
140050100,Red,100,1000401,Richard Dreyfuss,Alexander Dunning,Supporting
140050100,Red,100,32780401,Brian Cox,Ivan Simanov,Supporting
140050100,Red,100,120130401,James Remar,Gabriel Singer,Supporting
140050100,Red,100,114180401,Rebecca Pidgeon,Cynthia Wilkes,Supporting
140060100,Freakonomics,1,171080401,Zoe Sloane,Blake,Supporting
140060100,Freakonomics,2,171090401,Sammual Soifer,Jake,Supporting
140060100,Freakonomics,3,171250401,Adesuwa Addy Iyare,Temptress Mother,Supporting
140060100,Freakonomics,4,171120401,Carl Alleyne,Boyfriend,Supporting
140060100,Freakonomics,5,171100401,Jade Viggiano,High School Girl,Supporting
140060100,Freakonomics,6,171260401,Andrew Greiche,Jake,Supporting
140060100,Freakonomics,7,171270401,Greg Crowe,Johnny the Mechanic,Supporting
140060100,Freakonomics,8,171280401,Jalani McNair,The Loser,Supporting
140060100,Freakonomics,9,171290401,Kelli Chaves,High School Girl,Supporting
140060100,Freakonomics,10,171110401,Amancaya Aguilar,Mercedes,Supporting
140060100,Freakonomics,11,171300401,Kellie Gerardi,Lexus,Supporting
140060100,Freakonomics,12,171310401,Alyssa Wheeldon,High School Girl,Supporting
140060100,Freakonomics,13,171320401,James Leibow,Himself,Supporting
140060100,Freakonomics,14,171340401,Michael MacAllister,Himself,Leading
140070100,The Warrior's Way,1,125310401,Geoffrey Rush,Ron,Supporting
140070100,The Warrior's Way,2,17140401,Kate Bosworth,Lynne,Supporting
140070100,The Warrior's Way,3,69260401,Danny Huston,Colonel,Supporting
140070100,The Warrior's Way,4,198540401,Dong-Gun Jang,Yang,Supporting
140080100,Stone,1,560401,Robert De Niro,Jack Mabry ,Leading
140080100,Stone,2,106800401,Edward Norton,Gerald Creeson,Leading
140080100,Stone,3,73970401,Milla Jovovich,Lucetta,Leading
140080100,Stone,4,31150401,Frances Conroy,Madylyn ,Supporting
140080100,Stone,5,188050401,Enver Gjokaj,Young Jack,Supporting
140080100,Stone,6,14590401,Pepper Binkley,Young Madylyn,Supporting
140090100,Frankenweenie,1,107760401,Catherine O'Hara,Mrs. Frankenstein / Weird Girl / Gym Teacher,Lead Ensemble Member
140090100,Frankenweenie,2,131710401,Martin Short,Mr. Frankenstein / Mr. Burgemeister / Nassor,Lead Ensemble Member
140090100,Frankenweenie,3,81590401,Martin Landau,Mr. Rzykruski,Lead Ensemble Member
140090100,Frankenweenie,4,139810401,Charlie Tahan,Victor Frankenstein,Lead Ensemble Member
140090100,Frankenweenie,5,415740401,Atticus Shaffer,Edgar 'E' Gore,Lead Ensemble Member
140090100,Frankenweenie,6,125870401,Winona Ryder,Elsa Van Helsing,Lead Ensemble Member
140090100,Frankenweenie,7,224810401,Robert Capron,Bob,Supporting
140090100,Frankenweenie,8,415750401,James Hiroyuki Liao,Toshiaki,Lead Ensemble Member
140090100,Frankenweenie,9,47510401,Conchata Ferrell,Bob's Mom,Supporting
140090100,Frankenweenie,10,76780401,Tom Kenny,New Holland Townsfolk,Supporting
140100100,John Carter,1,78480401,Taylor Kitsch,John Carter,Leading
140100100,John Carter,2,30530401,Lynn Collins,"Dejah Thoris, Princess of Helium",Supporting
140100100,John Carter,3,102550401,Samantha Morton,Sola,Supporting
140100100,John Carter,4,138310401,Mark Strong,Matai Shang,Supporting
140100100,John Carter,5,65970401,Ciaran Hinds,Tardos Mors,Supporting
140100100,John Carter,6,150900401,Dominic West,Sab Than,Supporting
140100100,John Carter,7,117150401,James Purefoy,Kantos Kan,Supporting
140100100,John Carter,8,33120401,Bryan Cranston,Powell,Supporting
140100100,John Carter,9,148170401,Polly Walker,Sarkoja,Supporting
140100100,John Carter,10,125960401,Daryl Sabara,Edgar Rice Burroughs,Supporting
140100100,John Carter,11,28560401,Thomas Haden Church,Tal Hajus,Supporting
140100100,John Carter,12,35070401,Willem Dafoe,Tars Tarkas,Supporting
140110100,Dolphin Tale,1,31070401,"Harry Connick, Jr.",Dr. Clay Haskett,Lead Ensemble Member
140110100,Dolphin Tale,2,74070401,Ashley Judd,Lorraine Nelson,Lead Ensemble Member
140110100,Dolphin Tale,3,52350401,Nathan Gamble,Sawyer Nelson,Lead Ensemble Member
140110100,Dolphin Tale,4,80150401,Kris Kristofferson,Reed Haskett,Lead Ensemble Member
140110100,Dolphin Tale,5,271240401,Cozi Zuehlsdorff,Hazel Haskett,Lead Ensemble Member
140110100,Dolphin Tale,6,610401,Morgan Freeman,Dr. Cameron McCarthy,Lead Ensemble Member
140110100,Dolphin Tale,7,271250401,Austin Stowell,Kyle Connellan,Supporting
140110100,Dolphin Tale,8,136920401,Frances Sternhagen,Gloria Forrest,Supporting
140110100,Dolphin Tale,9,271260401,Austin Highsmith,Phoebe,Supporting
140110100,Dolphin Tale,10,271270401,Betsy Landin,Kat,Supporting
140110100,Dolphin Tale,11,271280401,Juliana Harkavy,Rebecca,Supporting
140110100,Dolphin Tale,12,271290401,Megan Lozicki,Brittany,Supporting
140110100,Dolphin Tale,13,48810401,James Fitzpatrick,Max Connellan,Supporting
140110100,Dolphin Tale,14,271310401,Kim Ostrenko,Alyce Connellan,Supporting
140110100,Dolphin Tale,15,271320401,Michael Roark,Donovan Peck,Supporting
140110100,Dolphin Tale,16,85630401,Richard Libertini,Fisherman,Supporting
140110100,Dolphin Tale,17,96590401,Ray McKinnon,Mr. Doyle,Supporting
140110100,Dolphin Tale,18,151330401,Ashley White,Sandra Sinclair,Supporting
140110100,Dolphin Tale,19,271330401,Tom Nowicki,Philip J. Hordern,Supporting
140110100,Dolphin Tale,20,271340401,Rus Blackwell,Coach Vansky,Supporting
140110100,Dolphin Tale,21,89350401,Marc Macaulay,Board Member Fitch,Supporting
140110100,Dolphin Tale,22,271350401,Jennifer De Castroverde,Board Member Marx,Supporting
140110100,Dolphin Tale,23,271360401,Denise Durette,Board Member Christina,Supporting
140110100,Dolphin Tale,24,271370401,Vivian Ruiz,Virginia,Supporting
140110100,Dolphin Tale,25,271380401,Laila Harris,Little Girl in Wheelchairs,Supporting
140110100,Dolphin Tale,26,271390401,Stacy-Ann Rose,Little Girl's Mother,Supporting
140110100,Dolphin Tale,27,271400401,Kurt Yaeber,Veteran Tim,Supporting
140110100,Dolphin Tale,28,271410401,Mike Maki,Veteran Mike,Supporting
140110100,Dolphin Tale,29,171460401,Mike Pniewski,Prosthetic Consultant,Supporting
140110100,Dolphin Tale,30,271420401,Nicholas Turner Martin,Bully #1,Supporting
140110100,Dolphin Tale,31,271430401,"Carlos Guerrero, Jr.",Bully #2,Supporting
140110100,Dolphin Tale,32,271440401,Paul Amaki,Kyle's Friend,Supporting
140110100,Dolphin Tale,33,271450401,Charlotte Connick,Hordern's Grandchild,Supporting
140120100,Altiplano,0,172780401,Magaly Solier,Saturnina,Leading
140120100,Altiplano,0,172790401,Jasmin Tabatabai,Grace,Supporting
140120100,Altiplano,0,172820401,Behi Djanati Atai,Sami,Supporting
140120100,Altiplano,0,172830401,Edgar Condori,Nilo,Supporting
140120100,Altiplano,0,172840401,Sonia Loaiza,Luz,Supporting
140120100,Altiplano,0,172850401,Edgar Quispe,Ignacio,Supporting
140120100,Altiplano,0,172860401,Norma Martinez,Mercedes,Supporting
181330100,Penguins of Madagascar,1,176830401,Tom McGrath,Skipper,Lead Ensemble Member
181330100,Penguins of Madagascar,2,204340401,Chris Miller,Kowalski,Lead Ensemble Member
181330100,Penguins of Madagascar,3,821740401,Chris Knights,Private,Lead Ensemble Member
181330100,Penguins of Madagascar,4,146710401,Conrad Vernon,Rico/Antarctic Penguin,Lead Ensemble Member
181330100,Penguins of Madagascar,5,90980401,John Malkovich,Dave,Lead Ensemble Member
181330100,Penguins of Madagascar,6,34260401,Benedict Cumberbatch,Agent Classified,Lead Ensemble Member
181330100,Penguins of Madagascar,7,72050401,Ken Jeong,Short Fuse,Lead Ensemble Member
181330100,Penguins of Madagascar,8,821750401,Annett Mahendru,Eva,Lead Ensemble Member
181330100,Penguins of Madagascar,9,137900401,Peter Stormare,Corporal,Lead Ensemble Member
181330100,Penguins of Madagascar,10,121270401,Andy Richter,Mort,Supporting
181330100,Penguins of Madagascar,11,266440401,Danny Jacobs,King Julien,Supporting
181330100,Penguins of Madagascar,12,944790401,Sean Charmatz,Cricket,Supporting
181330100,Penguins of Madagascar,13,65080401,Werner Herzog,Documentary Filmmaker,Supporting
181330100,Penguins of Madagascar,14,220260401,Stephen Kearin,Pilot/Aquarium Employee,Supporting
181330100,Penguins of Madagascar,15,944800401,Kelly Cooney,Mermaid Penguin,Supporting
181330100,Penguins of Madagascar,16,737550401,Susan Fitzer,Antarctic Penguin,Supporting
181330100,Penguins of Madagascar,17,126780401,Chris Sanders,Antarctic Penguin,Supporting
181330100,Penguins of Madagascar,18,944860401,Emily Nordwind,Antarctic Penguin,Supporting
181330100,Penguins of Madagascar,19,206570401,Mike Mitchell,Antarctic Penguin,Supporting
181330100,Penguins of Madagascar,20,174750401,Walt Dohrn,Antarctic Penguin,Supporting
181330100,Penguins of Madagascar,21,320300401,Jeff Fischer,Security System,Supporting
181330100,Penguins of Madagascar,22,202570401,Stephen F. Apostolina,Penguin Prisoner,Supporting
181330100,Penguins of Madagascar,23,628250401,Al Rodrigo,Penguin Fan,Supporting
181330100,Penguins of Madagascar,24,202560401,Steve Alterman,Aquarium Announcer,Supporting
181330100,Penguins of Madagascar,25,944820401,Carter Hastings,Boy at Aquarium,Supporting
181330100,Penguins of Madagascar,26,168580401,Hope Levy,Woman at Aquarium/Antarctic Penguin,Supporting
181330100,Penguins of Madagascar,27,288580401,Ava Acres,Girl at Zoo,Supporting
181330100,Penguins of Madagascar,28,764600401,Cullen McCarthy,Boy at Zoo,Supporting
181330100,Penguins of Madagascar,29,59240401,Nicholas Guest,Flight Attendant,Supporting
181330100,Penguins of Madagascar,30,944830401,Adriano Aragon,Angry Man,Supporting
181330100,Penguins of Madagascar,31,501980401,Lynnanne Zager,Computer Voice,Supporting
181330100,Penguins of Madagascar,32,944840401,Billy Eichner,New York Reporter,Supporting
181330100,Penguins of Madagascar,33,944850401,Angie Wu,Girl with Snow Globe,Supporting
181330100,Penguins of Madagascar,34,944870401,Jim Pirri,Gondolier,Supporting
181330100,Penguins of Madagascar,35,944880401,Elizabeth Pan,Shanghai TV Reporter,Supporting
180630100,Minions,1,24120401,Steve Carell,Young Gru,Leading
180630100,Minions,2,510401,Sandra Bullock,Scarlet Overkill,Leading
180630100,Minions,3,60930401,Jon Hamm,Herb Overkill,Leading
180630100,Minions,4,75920401,Michael Keaton,Walter Nelson,Supporting
180630100,Minions,5,71460401,Allison Janney,Madge Nelson,Supporting
180630100,Minions,6,31310401,Steve Coogan,Professor Flux/Tower Guard,Supporting
180630100,Minions,7,127440401,Jennifer Saunders,The Queen,Supporting
180630100,Minions,8,125310401,Geoffrey Rush,Narrator,Narrator
180630100,Minions,9,174830401,Pierre Coffin,The Minions,Supporting
180630100,Minions,10,100350401,Katy Mixon,Tina,Supporting
180630100,Minions,11,170270401,Michael Beattie,VNC Announcer/Walter Jr. ,Supporting
180630100,Minions,12,126650401,Hiroyuki Sanada,Sumo Villain,Supporting
180630100,Minions,13,677000401,Dave Rosenberg,Fabrice,Supporting
180630100,Minions,14,1069870401,Alex Dowding,Royal Advisor,Supporting
180630100,Minions,15,448440401,Paul Thornley,News Reporter,Supporting
180630100,Minions,16,288580401,Ava Acres,Additional Voice,Supporting
180630100,Minions,17,3230401,Carlos Alazraqui,Additional Voice,Supporting
180630100,Minions,18,166740401,Lori Alan,Additional Voice,Supporting
180630100,Minions,19,329860401,Kyle Balda,Additional Voice,Supporting
180630100,Minions,20,1069880401,Daniel Barker,Additional Voice,Supporting
180630100,Minions,21,296490401,Bob Bergen,Additional Voice,Supporting
180630100,Minions,22,1069890401,Melanie Bond,Additional Voice,Supporting
180630100,Minions,23,166760401,John Cygan,Additional Voice,Supporting
180630100,Minions,24,1069900401,Brian T. Delaney,Additional Voice,Supporting
180630100,Minions,25,46490401,Bill Farmer,Additional Voice,Supporting
180630100,Minions,26,735510401,Keith Ferguson,Additional Voice,Supporting
180630100,Minions,27,1069910401,Helen Fraser,Additional Voice,Supporting
180630100,Minions,28,61830401,Jess Harnell,Additional Voice,Supporting
180630100,Minions,29,1069920401,Charlie Hayes,Additional Voice,Supporting
180630100,Minions,30,1069930401,Eve Karpf,Additional Voice,Supporting
180630100,Minions,31,391450401,John Kassir,Additional Voice,Supporting
180630100,Minions,32,89070401,Sherry Lynn,Additional Voice,Supporting
180630100,Minions,33,621530401,Lewis Macleod,Additional Voice,Supporting
180630100,Minions,34,91500401,Danny Mann,Additional Voice,Supporting
180630100,Minions,35,92690401,Mona Marshall,Additional Voice,Supporting
180630100,Minions,36,1069940401,Gary Martin,Additional Voice,Supporting
180630100,Minions,37,95940401,Mickie McGowan,Additional Voice,Supporting
180630100,Minions,38,105520401,Laraine Newman,Additional Voice,Supporting
180630100,Minions,39,107120401,Andy Nyman,Additional Voice,Supporting
180630100,Minions,40,166770401,Jan Rabson,Additional Voice,Supporting
180630100,Minions,41,1069950401,Chris Ragland,Additional Voice,Supporting
180630100,Minions,42,1069960401,Zachary Rice,Additional Voice,Supporting
180630100,Minions,43,1069970401,Cole Sand,Additional Voice,Supporting
180630100,Minions,44,136870401,Mindy Sterling,Additional Voice,Supporting
180630100,Minions,45,138320401,Tara Strong,Additional Voice,Supporting
180630100,Minions,46,1069980401,Will Vanderpuye,Additional Voice,Supporting
180630100,Minions,47,518210401,James Kevin Ward,Additional Voice,Supporting
180630100,Minions,48,1069990401,Colette Whitaker,Additional Voice,Supporting
180630100,Minions,49,214690401,James Daniel Wilson,Additional Voice,Supporting
