movie_odid,display_name,keywords
139970100,La siciliana ribelle,Mafia
139970100,La siciliana ribelle,Whistleblowers
139980100,"The Twilight Saga: Breaking Dawn, Part 1",Vampire
139980100,"The Twilight Saga: Breaking Dawn, Part 1",Werewolf
139980100,"The Twilight Saga: Breaking Dawn, Part 1",Romance
139980100,"The Twilight Saga: Breaking Dawn, Part 1",Love Triangle
139980100,"The Twilight Saga: Breaking Dawn, Part 1",Troubled Pregnancy or Miscarriage
139980100,"The Twilight Saga: Breaking Dawn, Part 1",Unconventional Pregnancies
139980100,"The Twilight Saga: Breaking Dawn, Part 1",Unexpected Pregnancy
139980100,"The Twilight Saga: Breaking Dawn, Part 1",Cliffhanger Ending
139990100,"The Twilight Saga: Breaking Dawn, Part 2",Vampire
139990100,"The Twilight Saga: Breaking Dawn, Part 2",Werewolf
139990100,"The Twilight Saga: Breaking Dawn, Part 2",Falsely Accused
139990100,"The Twilight Saga: Breaking Dawn, Part 2",Revenge
140020100,Helena From the Wedding,Relationships Gone Wrong
140020100,Helena From the Wedding,New Year's Day
140020100,Helena From the Wedding,Mid-Life Crisis
140030100,Monsters,Alien Invasion
140030100,Monsters,Non-Chronological
140030100,Monsters,Road Trip
140030100,Monsters,Mexico
140030100,Monsters,Photography
140030100,Monsters,Investigative Journalist
140030100,Monsters,On a Boat
140030100,Monsters,Human-Trafficking
140030100,Monsters,Scene Filmed in Night Vision
140030100,Monsters,Romance
140030100,Monsters,Quarantine
140040100,Catfish,Surprise Twist
140040100,Catfish,Internet
140040100,Catfish,Relationships Gone Wrong
140040100,Catfish,Secret Identity
140050100,Red,Secret Agent
140050100,Red,Hitmen
140050100,Red,D.C. Comics
140050100,Red,Conspiracy Theory
140050100,Red,Mental Illness
140060100,Freakonomics,Segments
140060100,Freakonomics,Miscellaneous Sports
140070100,The Warrior's Way,Martial Arts
140070100,The Warrior's Way,Revenge
140070100,The Warrior's Way,Hitmen
140070100,The Warrior's Way,One Last Job
140070100,The Warrior's Way,Culture Clash
140070100,The Warrior's Way,Visual Effects
140070100,The Warrior's Way,Voiceover/Narration
140070100,The Warrior's Way,Prologue
140070100,The Warrior's Way,Epilogue
140070100,The Warrior's Way,Intertitle
140070100,The Warrior's Way,Visual Effects
140070100,The Warrior's Way,Non-Chronological
140070100,The Warrior's Way,Gangs
140070100,The Warrior's Way,Wire Fu
140080100,Stone,Prison
140090100,Frankenweenie,3-D
140090100,Frankenweenie,IMAX: DMR
140090100,Frankenweenie,Director Remaking Their Own Movie
140090100,Frankenweenie,Animal Lead
140090100,Frankenweenie,Mad Scientist
140090100,Frankenweenie,Inventor
140090100,Frankenweenie,Inspirational Teacher
140090100,Frankenweenie,Romance
140090100,Frankenweenie,Development Hell
140090100,Frankenweenie,Retro Black and White
140090100,Frankenweenie,Prologue
140090100,Frankenweenie,Monster
140090100,Frankenweenie,Vampire
140090100,Frankenweenie,Werewolf
140090100,Frankenweenie,Kaiju
140090100,Frankenweenie,Horror Comedy
140100100,John Carter,3-D
140100100,John Carter,Rescue
140100100,John Carter,Culture Clash
140100100,John Carter,Civil War
140100100,John Carter,War
140100100,John Carter,Development Hell
140100100,John Carter,Voiceover/Narration
140100100,John Carter,Prologue
140100100,John Carter,Intertitle
140100100,John Carter,Arranged Marriage
140100100,John Carter,Surprise Twist
140100100,John Carter,Faked Death
140100100,John Carter,Non-Chronological
140100100,John Carter,Death of a Son or Daughter
140100100,John Carter,Death of a Spouse or Fiancée / Fiancé
140100100,John Carter,Invented Language
140100100,John Carter,IMAX: DMR
140100100,John Carter,Mars
140110100,Dolphin Tale,3-D
140110100,Dolphin Tale,Animal Lead
140110100,Dolphin Tale,Underwater
140110100,Dolphin Tale,Amputee
140110100,Dolphin Tale,Inventor
140120100,Altiplano,War
140120100,Altiplano,News
140120100,Altiplano,Foreign Language
140120100,Altiplano,Political
181330100,Penguins of Madagascar,Talking Animals
181330100,Penguins of Madagascar,Animal Lead
181330100,Penguins of Madagascar,Secret Agent
181330100,Penguins of Madagascar,Mad Scientist
181330100,Penguins of Madagascar,Voiceover/Narration
180630100,Minions,Prequel
180630100,Minions,Origin Story
180630100,Minions,Prehistoric Times
180630100,Minions,Dinosaurs
180630100,Minions,Ancient Egypt
180630100,Minions,Pirates
180630100,Minions,Vampire
180630100,Minions,1960s
180630100,Minions,Inventor
180630100,Minions,Royalty
180630100,Minions,London
180630100,Minions,Voiceover/Narration
180630100,Minions,Directing Yourself
180630100,Minions,"Same Actor, Multiple Roles"
180630100,Minions,Super Villains
180630100,Minions,Cavemen
180630100,Minions,Intertitle
180630100,Minions,New York City
180630100,Minions,Antarctica
180630100,Minions,"Orlando, Florida"
180630100,Minions,Florida
